Text,Type
recusandae.aut.ea.est@distinctio.nikolaus.tv,EMAIL
ab.sint.suscipit.inventore@distinctio.nikolaus.tv,EMAIL
saepe.quisquam.repellat.aliquid@distinctio.nikolaus.tv,EMAIL
est.non.quo.delectus@et.patience.us,EMAIL
omnis.dolorem.aut.repudiandae@quod.mckayla.com,EMAIL
eos.labore.occaecati.quasi@et.bria.biz,EMAIL
omnis.dolorem.aut.repudiandae@quod.mckayla.com,EMAIL
pariatur.autem.error.tenetur@distinctio.nikolaus.tv,EMAIL
eos.labore.occaecati.quasi@et.bria.biz,EMAIL
omnis.dolorem.aut.repudiandae@quod.mckayla.com,EMAIL
omnis.dolorem.aut.repudiandae@quod.mckayla.com,EMAIL
omnis.dolorem.aut.repudiandae@quod.mckayla.com,EMAIL
iusto.ut.perspiciatis.inventore@distinctio.dibbert.org,EMAIL
omnis.dolorem.aut.repudiandae@quod.mckayla.com,EMAIL
voluptatem.fugiat.molestias.aspernatur@et.kunze.ca,EMAIL
omnis.dolorem.aut.repudiandae@quod.mckayla.com,EMAIL
consectetur.ab.aut.velit@ipsum.jonatan.ca,EMAIL
omnis.dolorem.aut.repudiandae@quod.mckayla.com,EMAIL
ad.amet.autem.in@est.watsica.com,EMAIL
culpa.earum.adipisci.quae@asperiores.wilma.io,EMAIL
blanditiis.nam.necessitatibus.quisquam@distinctio.nikolaus.tv,EMAIL
rem.quia.neque.qui@distinctio.nikolaus.tv,EMAIL
ut.perspiciatis.voluptas.quibusdam@distinctio.nikolaus.tv,EMAIL
accusamus.fugit.voluptas.tenetur@distinctio.nikolaus.tv,EMAIL
maiores.dolor.voluptatum.aspernatur@distinctio.nikolaus.tv,EMAIL
quia.sequi.est.tempore@sint.donnelly.name,EMAIL
est.dignissimos.voluptas.iusto@distinctio.nikolaus.tv,EMAIL
expedita.ea.eveniet.quo@distinctio.nikolaus.tv,EMAIL
eos.labore.occaecati.quasi@et.bria.biz,EMAIL
non.ipsa.ipsam.qui@in.kasandra.net,EMAIL
fugiat.dolores.atque.culpa@placeat.johns.tv,EMAIL
ipsa.voluptas.fugiat.nesciunt@placeat.johns.tv,EMAIL
suscipit.eum.quo.molestiae@distinctio.nikolaus.tv,EMAIL
nesciunt.in.in.quaerat@recusandae.dach.net,EMAIL
non.quidem.cumque.officiis@rerum.dejah.com,EMAIL
commodi.sint.est.earum@occaecati.connelly.biz,EMAIL
eaque.doloribus.nesciunt.eveniet@et.penelope.biz,EMAIL
nesciunt.exercitationem.perferendis.aspernatur@rerum.dejah.com,EMAIL
perferendis.omnis.hic.autem@libero.christiansen.ca,EMAIL
autem.eum.magni.voluptatum@distinctio.nikolaus.tv,EMAIL
itaque.voluptas.quia.quidem@aut.corkery.info,EMAIL
eos.labore.occaecati.quasi@et.bria.biz,EMAIL
similique.aperiam.iste.fugit@quo.tia.info,EMAIL
consequuntur.est.id.sit@dignissimos.cristopher.org,EMAIL
accusantium.soluta.voluptatem.et@consequuntur.kunze.us,EMAIL
blanditiis.nam.necessitatibus.quisquam@distinctio.nikolaus.tv,EMAIL
rem.quia.neque.qui@distinctio.nikolaus.tv,EMAIL
illo.hic.qui.tempore@distinctio.nikolaus.tv,EMAIL
consectetur.nam.est.blanditiis@distinctio.nikolaus.tv,EMAIL
voluptas.placeat.molestias.accusamus@distinctio.nikolaus.tv,EMAIL
quia.impedit.iure.nihil@natus.crooks.net,EMAIL
non.aut.voluptatem.ducimus@distinctio.nikolaus.tv,EMAIL
ut.perspiciatis.voluptas.quibusdam@distinctio.nikolaus.tv,EMAIL
rem.asperiores.vitae.qui@sunt.ariel.io,EMAIL
est.dignissimos.voluptas.iusto@distinctio.nikolaus.tv,EMAIL
explicabo.eos.nobis.asperiores@distinctio.nikolaus.tv,EMAIL
quisquam.excepturi.inventore.laboriosam@distinctio.nikolaus.tv,EMAIL
omnis.molestias.culpa.corrupti@culpa.little.info,EMAIL
asperiores.et.nostrum.quidem@dignissimos.cristopher.org,EMAIL
explicabo.assumenda.consectetur.debitis@iusto.blaise.co.uk,EMAIL
omnis.sint.dolor.molestiae@nemo.aurelie.co.uk,EMAIL
excepturi.et.est.adipisci@quia.connelly.ca,EMAIL
harum.soluta.voluptates.voluptatem@ad.veum.tv,EMAIL
aut.sunt.aliquam.eum@nam.simonis.net,EMAIL
ut.perspiciatis.voluptas.quibusdam@distinctio.nikolaus.tv,EMAIL
ipsam.ipsum.eum.blanditiis@blanditiis.zella.io,EMAIL
fuga.architecto.beatae.laudantium@consectetur.brad.us,EMAIL
eos.labore.occaecati.quasi@et.bria.biz,EMAIL
asperiores.alias.eos.repellat@reiciendis.denesik.ca,EMAIL
eos.labore.occaecati.quasi@et.bria.biz,EMAIL
ut.perspiciatis.voluptas.quibusdam@distinctio.nikolaus.tv,EMAIL
nisi.inventore.quasi.asperiores@distinctio.nikolaus.tv,EMAIL
dolores.aut.consequuntur.tempora@distinctio.nikolaus.tv,EMAIL
enim.occaecati.est.aut@distinctio.nikolaus.tv,EMAIL
rem.quia.neque.qui@distinctio.nikolaus.tv,EMAIL
placeat.eum.commodi.dolores@distinctio.nikolaus.tv,EMAIL
et.fuga.ut.minima@distinctio.nikolaus.tv,EMAIL
distinctio.qui.quo.et@distinctio.nikolaus.tv,EMAIL
in.assumenda.voluptas.recusandae@distinctio.nikolaus.tv,EMAIL
aut.harum.est.voluptatem@qui.kaylie.org,EMAIL
dolorem.vitae.quia.minima@placeat.johns.tv,EMAIL
libero.ab.magnam.ipsum@quod.mckayla.com,EMAIL
inventore.rerum.deleniti.odit@distinctio.nikolaus.tv,EMAIL
harum.tempore.ut.quae@mollitia.block.info,EMAIL
harum.nostrum.et.vero@distinctio.nikolaus.tv,EMAIL
rem.quia.neque.qui@distinctio.nikolaus.tv,EMAIL
blanditiis.nam.necessitatibus.quisquam@distinctio.nikolaus.tv,EMAIL
velit.illum.est.recusandae@sunt.josue.ca,EMAIL
maiores.excepturi.eum.dignissimos@quis.kellie.ca,EMAIL
eos.labore.occaecati.quasi@et.bria.biz,EMAIL
eos.quos.amet.culpa@voluptatem.ortiz.io,EMAIL
qui.est.sint.perspiciatis@iure.kuvalis.info,EMAIL
impedit.illum.quis.saepe@laborum.leannon.us,EMAIL
autem.ab.fuga.inventore@labore.dessie.io,EMAIL
et.accusantium.nobis.nam@et.bria.biz,EMAIL
ut.perferendis.et.tempora@reiciendis.denesik.ca,EMAIL
cum.voluptas.qui.est@iure.kuvalis.info,EMAIL
et.eum.est.consequuntur@officia.dickens.biz,EMAIL
dolor.nihil.aut.est@repellendus.ledner.org,EMAIL
pariatur.autem.error.tenetur@distinctio.nikolaus.tv,EMAIL
velit.accusamus.libero.sed@repellendus.ledner.org,EMAIL
pariatur.autem.error.tenetur@distinctio.nikolaus.tv,EMAIL
ducimus.aperiam.est.amet@distinctio.nikolaus.tv,EMAIL
pariatur.autem.error.tenetur@distinctio.nikolaus.tv,EMAIL
rem.dolore.quia.libero@repellendus.ledner.org,EMAIL
pariatur.autem.error.tenetur@distinctio.nikolaus.tv,EMAIL
aut.corrupti.fuga.sapiente@distinctio.nikolaus.tv,EMAIL
pariatur.autem.error.tenetur@distinctio.nikolaus.tv,EMAIL
ducimus.aperiam.est.amet@distinctio.nikolaus.tv,EMAIL
pariatur.autem.error.tenetur@distinctio.nikolaus.tv,EMAIL
nulla.libero.est.eaque@repellendus.ledner.org,EMAIL
pariatur.autem.error.tenetur@distinctio.nikolaus.tv,EMAIL
id.commodi.debitis.enim@aspernatur.dooley.org,EMAIL
pariatur.autem.error.tenetur@distinctio.nikolaus.tv,EMAIL
dolor.nihil.aut.est@repellendus.ledner.org,EMAIL
pariatur.autem.error.tenetur@distinctio.nikolaus.tv,EMAIL
dolor.nihil.aut.est@repellendus.ledner.org,EMAIL
pariatur.autem.error.tenetur@distinctio.nikolaus.tv,EMAIL
consequatur.molestiae.explicabo.unde@repellendus.ledner.org,EMAIL
pariatur.autem.error.tenetur@distinctio.nikolaus.tv,EMAIL
dolore.voluptate.aut.fugiat@repellendus.ledner.org,EMAIL
pariatur.autem.error.tenetur@distinctio.nikolaus.tv,EMAIL
ea.non.nisi.nesciunt@repellendus.ledner.org,EMAIL
pariatur.autem.error.tenetur@distinctio.nikolaus.tv,EMAIL
ducimus.aperiam.est.amet@distinctio.nikolaus.tv,EMAIL
pariatur.autem.error.tenetur@distinctio.nikolaus.tv,EMAIL
ducimus.aperiam.est.amet@distinctio.nikolaus.tv,EMAIL
pariatur.autem.error.tenetur@distinctio.nikolaus.tv,EMAIL
distinctio.eligendi.optio.iste@distinctio.nikolaus.tv,EMAIL
pariatur.autem.error.tenetur@distinctio.nikolaus.tv,EMAIL
quibusdam.optio.aliquam.veniam@distinctio.nikolaus.tv,EMAIL
qui.quia.expedita.perferendis@distinctio.nikolaus.tv,EMAIL
laboriosam.numquam.neque.ratione@distinctio.nikolaus.tv,EMAIL
distinctio.necessitatibus.voluptatem.iure@distinctio.nikolaus.tv,EMAIL
totam.magni.accusamus.nihil@distinctio.nikolaus.tv,EMAIL
placeat.eum.commodi.dolores@distinctio.nikolaus.tv,EMAIL
velit.sed.reiciendis.nihil@distinctio.nikolaus.tv,EMAIL
voluptatem.autem.qui.aut@distinctio.nikolaus.tv,EMAIL
facere.vitae.aut.ea@distinctio.nikolaus.tv,EMAIL
molestiae.adipisci.voluptatum.reprehenderit@distinctio.nikolaus.tv,EMAIL
ut.dolor.voluptatibus.inventore@distinctio.nikolaus.tv,EMAIL
aut.corrupti.fuga.sapiente@distinctio.nikolaus.tv,EMAIL
et.aliquam.et.aperiam@distinctio.nikolaus.tv,EMAIL
est.molestias.similique.tempore@distinctio.nikolaus.tv,EMAIL
distinctio.eligendi.optio.iste@distinctio.nikolaus.tv,EMAIL
enim.et.omnis.natus@distinctio.nikolaus.tv,EMAIL
assumenda.ut.perspiciatis.explicabo@distinctio.nikolaus.tv,EMAIL
qui.assumenda.neque.nemo@distinctio.nikolaus.tv,EMAIL
vitae.fugit.et.ea@distinctio.nikolaus.tv,EMAIL
magnam.odit.repellendus.voluptatem@distinctio.nikolaus.tv,EMAIL
dolore.ut.quo.nemo@distinctio.nikolaus.tv,EMAIL
voluptate.doloribus.soluta.facilis@distinctio.nikolaus.tv,EMAIL
et.ex.et.expedita@distinctio.nikolaus.tv,EMAIL
sint.temporibus.commodi.est@distinctio.nikolaus.tv,EMAIL
quia.aperiam.nihil.id@distinctio.nikolaus.tv,EMAIL
temporibus.voluptas.odio.fugiat@distinctio.nikolaus.tv,EMAIL
iure.animi.et.velit@distinctio.nikolaus.tv,EMAIL
provident.illum.qui.nulla@distinctio.nikolaus.tv,EMAIL
nihil.magni.assumenda.ad@distinctio.nikolaus.tv,EMAIL
illo.dicta.aut.dignissimos@distinctio.nikolaus.tv,EMAIL
ipsam.reiciendis.dicta.ea@minus.izabella.name,EMAIL
suscipit.eum.quo.molestiae@distinctio.nikolaus.tv,EMAIL
ipsa.eveniet.labore.consequatur@distinctio.nikolaus.tv,EMAIL
reiciendis.hic.est.aliquid@distinctio.nikolaus.tv,EMAIL
iusto.non.molestias.similique@distinctio.nikolaus.tv,EMAIL
eius.velit.dolor.ad@distinctio.nikolaus.tv,EMAIL
sed.rerum.provident.recusandae@distinctio.nikolaus.tv,EMAIL
ullam.dolores.explicabo.voluptatem@distinctio.nikolaus.tv,EMAIL
hic.sint.consequatur.eligendi@distinctio.nikolaus.tv,EMAIL
eos.facere.est.earum@voluptas.waldo.com,EMAIL
itaque.eum.eveniet.sapiente@distinctio.nikolaus.tv,EMAIL
itaque.occaecati.nesciunt.voluptas@distinctio.nikolaus.tv,EMAIL
illum.aut.ut.iure@distinctio.nikolaus.tv,EMAIL
et.aut.in.enim@distinctio.nikolaus.tv,EMAIL
quisquam.et.consectetur.ut@distinctio.nikolaus.tv,EMAIL
quia.esse.voluptatibus.quis@distinctio.nikolaus.tv,EMAIL
minima.ratione.corporis.eum@distinctio.nikolaus.tv,EMAIL
qui.porro.aut.iste@distinctio.nikolaus.tv,EMAIL
illo.quas.aut.temporibus@distinctio.nikolaus.tv,EMAIL
enim.occaecati.est.aut@distinctio.nikolaus.tv,EMAIL
distinctio.qui.quo.et@distinctio.nikolaus.tv,EMAIL
quisquam.excepturi.inventore.laboriosam@distinctio.nikolaus.tv,EMAIL
et.rerum.assumenda.nostrum@distinctio.nikolaus.tv,EMAIL
et.fuga.ut.minima@distinctio.nikolaus.tv,EMAIL
totam.nihil.ut.eligendi@minus.izabella.name,EMAIL
inventore.rerum.deleniti.odit@distinctio.nikolaus.tv,EMAIL
officiis.nemo.debitis.quo@distinctio.nikolaus.tv,EMAIL
et.et.placeat.accusamus@minus.izabella.name,EMAIL
voluptas.placeat.molestias.accusamus@distinctio.nikolaus.tv,EMAIL
illo.quidem.temporibus.assumenda@distinctio.nikolaus.tv,EMAIL
illum.laborum.perferendis.itaque@distinctio.nikolaus.tv,EMAIL
delectus.qui.ipsum.sequi@minus.izabella.name,EMAIL
velit.velit.aliquam.sed@distinctio.nikolaus.tv,EMAIL
dolores.et.velit.sed@distinctio.nikolaus.tv,EMAIL
illo.hic.qui.tempore@distinctio.nikolaus.tv,EMAIL
non.aut.labore.vitae@distinctio.nikolaus.tv,EMAIL
consequatur.ipsam.maxime.amet@distinctio.nikolaus.tv,EMAIL
quidem.natus.aliquid.autem@distinctio.nikolaus.tv,EMAIL
consequatur.sunt.est.earum@distinctio.nikolaus.tv,EMAIL
maiores.eos.iste.sed@distinctio.nikolaus.tv,EMAIL
minima.ipsam.ut.vero@distinctio.nikolaus.tv,EMAIL
debitis.eligendi.officiis.velit@distinctio.nikolaus.tv,EMAIL
esse.facere.velit.enim@distinctio.nikolaus.tv,EMAIL
perspiciatis.vitae.rerum.odit@distinctio.nikolaus.tv,EMAIL
maiores.sed.eligendi.explicabo@distinctio.nikolaus.tv,EMAIL
saepe.quisquam.repellat.aliquid@distinctio.nikolaus.tv,EMAIL
ut.perspiciatis.voluptas.quibusdam@distinctio.nikolaus.tv,EMAIL
in.assumenda.voluptas.recusandae@distinctio.nikolaus.tv,EMAIL
recusandae.aut.ea.est@distinctio.nikolaus.tv,EMAIL
autem.eum.magni.voluptatum@distinctio.nikolaus.tv,EMAIL
ipsum.maxime.est.aliquam@distinctio.nikolaus.tv,EMAIL
laboriosam.non.voluptas.quod@distinctio.nikolaus.tv,EMAIL
hic.nobis.optio.ab@distinctio.nikolaus.tv,EMAIL
nemo.molestiae.accusamus.et@distinctio.nikolaus.tv,EMAIL
sit.quae.dolore.quia@distinctio.nikolaus.tv,EMAIL
et.atque.quia.provident@distinctio.nikolaus.tv,EMAIL
nesciunt.vel.commodi.ea@distinctio.nikolaus.tv,EMAIL
sint.reiciendis.quas.exercitationem@distinctio.nikolaus.tv,EMAIL
velit.reprehenderit.vel.tempore@distinctio.nikolaus.tv,EMAIL
dolores.consequuntur.necessitatibus.enim@distinctio.nikolaus.tv,EMAIL
sint.modi.harum.voluptatum@distinctio.nikolaus.tv,EMAIL
explicabo.eos.nobis.asperiores@distinctio.nikolaus.tv,EMAIL
repellendus.est.ut.quo@cumque.delphia.io,EMAIL
sit.velit.velit.consectetur@distinctio.nikolaus.tv,EMAIL
aut.laboriosam.tenetur.porro@distinctio.nikolaus.tv,EMAIL
delectus.molestiae.aut.quia@distinctio.nikolaus.tv,EMAIL
adipisci.et.ea.quia@distinctio.nikolaus.tv,EMAIL
ab.sint.suscipit.inventore@distinctio.nikolaus.tv,EMAIL
sunt.est.placeat.alias@distinctio.nikolaus.tv,EMAIL
sit.fugit.ut.aut@distinctio.nikolaus.tv,EMAIL
reprehenderit.voluptate.dolores.ipsa@distinctio.nikolaus.tv,EMAIL
exercitationem.earum.consectetur.ab@distinctio.nikolaus.tv,EMAIL
consequuntur.autem.voluptatibus.recusandae@distinctio.nikolaus.tv,EMAIL
adipisci.perferendis.a.nam@distinctio.nikolaus.tv,EMAIL
totam.aut.nam.iste@distinctio.nikolaus.tv,EMAIL
iure.omnis.assumenda.mollitia@distinctio.nikolaus.tv,EMAIL
provident.ut.unde.tempore@distinctio.nikolaus.tv,EMAIL
vel.ratione.omnis.aspernatur@distinctio.nikolaus.tv,EMAIL
rerum.qui.molestiae.quos@distinctio.nikolaus.tv,EMAIL
blanditiis.nam.necessitatibus.quisquam@distinctio.nikolaus.tv,EMAIL
molestias.voluptas.non.iure@distinctio.nikolaus.tv,EMAIL
temporibus.facere.eos.animi@distinctio.nikolaus.tv,EMAIL
officia.autem.amet.sunt@distinctio.nikolaus.tv,EMAIL
omnis.et.aperiam.quia@distinctio.nikolaus.tv,EMAIL
et.dolores.est.quae@distinctio.nikolaus.tv,EMAIL
nisi.inventore.quasi.asperiores@distinctio.nikolaus.tv,EMAIL
rem.quia.neque.qui@distinctio.nikolaus.tv,EMAIL
dolores.aut.consequuntur.tempora@distinctio.nikolaus.tv,EMAIL
non.unde.odio.vel@voluptas.waldo.com,EMAIL
pariatur.autem.error.tenetur@distinctio.nikolaus.tv,EMAIL
non.aut.voluptatem.ducimus@distinctio.nikolaus.tv,EMAIL
qui.explicabo.veniam.qui@distinctio.nikolaus.tv,EMAIL
delectus.soluta.tempora.magnam@distinctio.nikolaus.tv,EMAIL
dolorem.consequuntur.quia.harum@distinctio.nikolaus.tv,EMAIL
eius.ipsam.ut.sit@distinctio.nikolaus.tv,EMAIL
minus.officiis.quae.ut@distinctio.nikolaus.tv,EMAIL
aliquid.numquam.omnis.praesentium@minus.izabella.name,EMAIL
est.dignissimos.voluptas.iusto@distinctio.nikolaus.tv,EMAIL
ducimus.aperiam.est.amet@distinctio.nikolaus.tv,EMAIL
corporis.earum.asperiores.mollitia@distinctio.nikolaus.tv,EMAIL
ut.dolorem.eos.cum@distinctio.nikolaus.tv,EMAIL
quisquam.eos.placeat.inventore@distinctio.nikolaus.tv,EMAIL
adipisci.rerum.et.culpa@distinctio.nikolaus.tv,EMAIL
sapiente.culpa.eligendi.sit@distinctio.nikolaus.tv,EMAIL
voluptatem.itaque.animi.voluptatem@distinctio.nikolaus.tv,EMAIL
nemo.adipisci.saepe.rem@distinctio.nikolaus.tv,EMAIL
ut.occaecati.porro.blanditiis@distinctio.nikolaus.tv,EMAIL
debitis.ut.dolores.id@distinctio.nikolaus.tv,EMAIL
aut.dignissimos.nihil.itaque@distinctio.nikolaus.tv,EMAIL
velit.soluta.facere.distinctio@distinctio.nikolaus.tv,EMAIL
dolor.nihil.aut.est@repellendus.ledner.org,EMAIL
pariatur.autem.error.tenetur@distinctio.nikolaus.tv,EMAIL
laboriosam.velit.quia.quo@dolor.jasen.biz,EMAIL
pariatur.autem.error.tenetur@distinctio.nikolaus.tv,EMAIL
dolor.nihil.aut.est@repellendus.ledner.org,EMAIL
pariatur.autem.error.tenetur@distinctio.nikolaus.tv,EMAIL
magnam.molestiae.omnis.quis@repellendus.ledner.org,EMAIL
pariatur.autem.error.tenetur@distinctio.nikolaus.tv,EMAIL
dolor.nihil.aut.est@repellendus.ledner.org,EMAIL
pariatur.autem.error.tenetur@distinctio.nikolaus.tv,EMAIL
necessitatibus.soluta.consequatur.quisquam@repellendus.ledner.org,EMAIL
pariatur.autem.error.tenetur@distinctio.nikolaus.tv,EMAIL
ducimus.aperiam.est.amet@distinctio.nikolaus.tv,EMAIL
pariatur.autem.error.tenetur@distinctio.nikolaus.tv,EMAIL
dolor.nihil.aut.est@repellendus.ledner.org,EMAIL
pariatur.autem.error.tenetur@distinctio.nikolaus.tv,EMAIL
accusantium.enim.aperiam.rerum@aspernatur.dooley.org,EMAIL
pariatur.autem.error.tenetur@distinctio.nikolaus.tv,EMAIL
dolor.nihil.aut.est@repellendus.ledner.org,EMAIL
pariatur.autem.error.tenetur@distinctio.nikolaus.tv,EMAIL
iste.expedita.nisi.illo@unde.naomi.io,EMAIL
pariatur.autem.error.tenetur@distinctio.nikolaus.tv,EMAIL
aut.corrupti.fuga.sapiente@distinctio.nikolaus.tv,EMAIL
recusandae.aut.ea.est@distinctio.nikolaus.tv,EMAIL
recusandae.aut.ea.est@distinctio.nikolaus.tv,EMAIL
sit.laborum.placeat.vel@fuga.langworth.io,EMAIL
possimus.ratione.similique.voluptas@fuga.langworth.io,EMAIL
pariatur.autem.error.tenetur@distinctio.nikolaus.tv,EMAIL
ut.porro.vel.aut@quibusdam.darrell.org,EMAIL
voluptatum.consequatur.dolorem.voluptates@distinctio.nikolaus.tv,EMAIL
xnormal@live.com,EMAIL
hakim@icloud.com,EMAIL
kannan@msn.com,EMAIL
matloff@sbcglobal.net,EMAIL
crowemojo@aol.com,EMAIL
boein@outlook.com,EMAIL
zeller@me.com,EMAIL
hutton@live.com,EMAIL
chance@att.net,EMAIL
gordonjcp@comcast.net,EMAIL
avalon@verizon.net,EMAIL
matloff@icloud.com,EMAIL
boftx@att.net,EMAIL
kspiteri@msn.com,EMAIL
dartlife@icloud.com,EMAIL
tbmaddux@yahoo.com,EMAIL
nasarius@me.com,EMAIL
benits@icloud.com,EMAIL
report@aol.com,EMAIL
skippy@outlook.com,EMAIL
daveed@me.com,EMAIL
dsugal@live.com,EMAIL
cyrus@mac.com,EMAIL
horrocks@gmail.com,EMAIL
policies@outlook.com,EMAIL
wiseb@icloud.com,EMAIL
farber@mac.com,EMAIL
pdbaby@outlook.com,EMAIL
thaljef@yahoo.ca,EMAIL
arnold@aol.com,EMAIL
odlyzko@sbcglobal.net,EMAIL
bcevc@sbcglobal.net,EMAIL
aukjan@gmail.com,EMAIL
druschel@live.com,EMAIL
tbeck@comcast.net,EMAIL
rande@icloud.com,EMAIL
thurston@yahoo.ca,EMAIL
knorr@aol.com,EMAIL
jbearp@me.com,EMAIL
tmaek@yahoo.ca,EMAIL
jbarta@gmail.com,EMAIL
denton@yahoo.com,EMAIL
sartak@msn.com,EMAIL
aaribaud@outlook.com,EMAIL
marcs@hotmail.com,EMAIL
panolex@optonline.net,EMAIL
lukka@optonline.net,EMAIL
hakim@outlook.com,EMAIL
koudas@verizon.net,EMAIL
tokuhirom@optonline.net,EMAIL
maikelnai@live.com,EMAIL
kronvold@live.com,EMAIL
sopwith@gmail.com,EMAIL
heine@sbcglobal.net,EMAIL
majordick@yahoo.com,EMAIL
wildfire@me.com,EMAIL
parrt@icloud.com,EMAIL
koudas@optonline.net,EMAIL
bcevc@comcast.net,EMAIL
szymansk@aol.com,EMAIL
scotfl@optonline.net,EMAIL
jnolan@att.net,EMAIL
grinder@verizon.net,EMAIL
ijackson@hotmail.com,EMAIL
malvar@hotmail.com,EMAIL
weazelman@gmail.com,EMAIL
metzzo@hotmail.com,EMAIL
jmorris@verizon.net,EMAIL
eegsa@comcast.net,EMAIL
mastinfo@outlook.com,EMAIL
drolsky@sbcglobal.net,EMAIL
yruan@mac.com,EMAIL
mschwartz@sbcglobal.net,EMAIL
bjornk@att.net,EMAIL
michiel@yahoo.ca,EMAIL
bahwi@sbcglobal.net,EMAIL
okroeger@icloud.com,EMAIL
frode@live.com,EMAIL
nasarius@att.net,EMAIL
crypt@mac.com,EMAIL
carreras@aol.com,EMAIL
blixem@verizon.net,EMAIL
bhtower@icloud.com,EMAIL
mosses@verizon.net,EMAIL
dalamb@hotmail.com,EMAIL
rfoley@msn.com,EMAIL
aglassis@live.com,EMAIL
jeffcovey@me.com,EMAIL
moonlapse@verizon.net,EMAIL
stecoop@mac.com,EMAIL
ramollin@icloud.com,EMAIL
adhere@yahoo.ca,EMAIL
intlprog@live.com,EMAIL
murty@yahoo.com,EMAIL
kalpol@msn.com,EMAIL
drolsky@hotmail.com,EMAIL
seano@sbcglobal.net,EMAIL
jtorkbob@comcast.net,EMAIL
kodeman@me.com,EMAIL
kiddailey@me.com,EMAIL
amichalo@comcast.net,EMAIL
kronvold@sbcglobal.net,EMAIL
mstrout@aol.com,EMAIL
daveewart@gmail.com,EMAIL
drolsky@mac.com,EMAIL
payned@icloud.com,EMAIL
lamky@me.com,EMAIL
dgriffith@att.net,EMAIL
rwelty@yahoo.ca,EMAIL
errxn@msn.com,EMAIL
facet@hotmail.com,EMAIL
mstrout@optonline.net,EMAIL
uraeus@comcast.net,EMAIL
bader@hotmail.com,EMAIL
sinkou@verizon.net,EMAIL
weazelman@msn.com,EMAIL
oracle@yahoo.ca,EMAIL
stewwy@verizon.net,EMAIL
phizntrg@yahoo.com,EMAIL
plover@verizon.net,EMAIL
lridener@att.net,EMAIL
tubajon@sbcglobal.net,EMAIL
dkrishna@hotmail.com,EMAIL
pgolle@outlook.com,EMAIL
janusfury@sbcglobal.net,EMAIL
cosimo@comcast.net,EMAIL
tangsh@mac.com,EMAIL
kempsonc@outlook.com,EMAIL
jsmith@outlook.com,EMAIL
wildfire@gmail.com,EMAIL
avalon@me.com,EMAIL
bdbrown@comcast.net,EMAIL
seasweb@yahoo.ca,EMAIL
munjal@yahoo.ca,EMAIL
drhyde@yahoo.com,EMAIL
msherr@yahoo.ca,EMAIL
jhardin@yahoo.ca,EMAIL
ournews@hotmail.com,EMAIL
danzigism@verizon.net,EMAIL
ducasse@att.net,EMAIL
elflord@verizon.net,EMAIL
sherzodr@sbcglobal.net,EMAIL
demmel@gmail.com,EMAIL
kudra@gmail.com,EMAIL
flavell@att.net,EMAIL
msherr@sbcglobal.net,EMAIL
ismail@icloud.com,EMAIL
seemant@icloud.com,EMAIL
kuparine@outlook.com,EMAIL
neuffer@hotmail.com,EMAIL
mastinfo@sbcglobal.net,EMAIL
scarlet@comcast.net,EMAIL
ijackson@msn.com,EMAIL
loscar@icloud.com,EMAIL
gtewari@optonline.net,EMAIL
sfoskett@aol.com,EMAIL
sburke@verizon.net,EMAIL
josephw@me.com,EMAIL
dartlife@me.com,EMAIL
sagal@me.com,EMAIL
timtroyr@gmail.com,EMAIL
pedwards@me.com,EMAIL
jgwang@icloud.com,EMAIL
nogin@optonline.net,EMAIL
inico@live.com,EMAIL
peterhoeg@yahoo.com,EMAIL
mcast@optonline.net,EMAIL
tlinden@hotmail.com,EMAIL
bonmots@comcast.net,EMAIL
gfxguy@verizon.net,EMAIL
ribet@hotmail.com,EMAIL
hmbrand@sbcglobal.net,EMAIL
sriha@yahoo.ca,EMAIL
heroine@att.net,EMAIL
heine@hotmail.com,EMAIL
dmiller@yahoo.com,EMAIL
world@yahoo.ca,EMAIL
rfisher@gmail.com,EMAIL
jdhedden@comcast.net,EMAIL
mavilar@comcast.net,EMAIL
drhyde@aol.com,EMAIL
dowdy@msn.com,EMAIL
miltchev@yahoo.com,EMAIL
adillon@icloud.com,EMAIL
doche@mac.com,EMAIL
sscorpio@sbcglobal.net,EMAIL
ganter@yahoo.ca,EMAIL
cgcra@msn.com,EMAIL
whimsy@optonline.net,EMAIL
hstiles@aol.com,EMAIL
sthomas@msn.com,EMAIL
bryanw@mac.com,EMAIL
samavati@live.com,EMAIL
keiji@msn.com,EMAIL
presoff@me.com,EMAIL
rkobes@sbcglobal.net,EMAIL
danny@gmail.com,EMAIL
ajohnson@att.net,EMAIL
rattenbt@yahoo.com,EMAIL
quantaman@att.net,EMAIL
kwilliams@hotmail.com,EMAIL
sarahs@sbcglobal.net,EMAIL
andrewik@optonline.net,EMAIL
malvar@msn.com,EMAIL
camenisch@sbcglobal.net,EMAIL
harpes@verizon.net,EMAIL
oechslin@me.com,EMAIL
stinson@sbcglobal.net,EMAIL
mthurn@mac.com,EMAIL
malin@aol.com,EMAIL
webteam@icloud.com,EMAIL
parents@me.com,EMAIL
mallanmba@live.com,EMAIL
mnemonic@msn.com,EMAIL
matty@comcast.net,EMAIL
flaviog@yahoo.com,EMAIL
whimsy@yahoo.ca,EMAIL
report@att.net,EMAIL
dartlife@yahoo.com,EMAIL
telbij@yahoo.ca,EMAIL
sartak@outlook.com,EMAIL
elmer@mac.com,EMAIL
vmalik@outlook.com,EMAIL
chrisj@comcast.net,EMAIL
parrt@outlook.com,EMAIL
mallanmba@me.com,EMAIL
ahuillet@att.net,EMAIL
csilvers@att.net,EMAIL
jshearer@att.net,EMAIL
andrei@att.net,EMAIL
mlewan@optonline.net,EMAIL
mjewell@sbcglobal.net,EMAIL
janusfury@yahoo.com,EMAIL
panolex@comcast.net,EMAIL
wayward@optonline.net,EMAIL
sethbrown@hotmail.com,EMAIL
twoflower@me.com,EMAIL
druschel@outlook.com,EMAIL
world@sbcglobal.net,EMAIL
tokuhirom@optonline.net,EMAIL
guialbu@yahoo.ca,EMAIL
saridder@att.net,EMAIL
isaacson@hotmail.com,EMAIL
dcoppit@gmail.com,EMAIL
andersbr@sbcglobal.net,EMAIL
flaviog@yahoo.ca,EMAIL
jshirley@att.net,EMAIL
oevans@me.com,EMAIL
keiji@icloud.com,EMAIL
arachne@att.net,EMAIL
rnewman@gmail.com,EMAIL
pfitza@msn.com,EMAIL
paulv@icloud.com,EMAIL
ewaters@icloud.com,EMAIL
novanet@verizon.net,EMAIL
kiddailey@optonline.net,EMAIL
netsfr@mac.com,EMAIL
mmccool@icloud.com,EMAIL
draper@yahoo.com,EMAIL
gozer@msn.com,EMAIL
bartlett@comcast.net,EMAIL
hermes@yahoo.ca,EMAIL
punkis@icloud.com,EMAIL
arebenti@outlook.com,EMAIL
grossman@outlook.com,EMAIL
netsfr@att.net,EMAIL
marioph@aol.com,EMAIL
adamk@msn.com,EMAIL
cumarana@me.com,EMAIL
konst@me.com,EMAIL
ateniese@outlook.com,EMAIL
warrior@msn.com,EMAIL
jbailie@yahoo.ca,EMAIL
nullchar@comcast.net,EMAIL
trygstad@yahoo.ca,EMAIL
treit@mac.com,EMAIL
hermes@yahoo.com,EMAIL
pedwards@me.com,EMAIL
cyrus@optonline.net,EMAIL
flaviog@optonline.net,EMAIL
gavollink@att.net,EMAIL
szymansk@optonline.net,EMAIL
speeves@icloud.com,EMAIL
kramulous@msn.com,EMAIL
penna@me.com,EMAIL
hling@gmail.com,EMAIL
jbearp@icloud.com,EMAIL
wiseb@gmail.com,EMAIL
breegster@aol.com,EMAIL
murty@optonline.net,EMAIL
nasor@gmail.com,EMAIL
singer@att.net,EMAIL
dsugal@gmail.com,EMAIL
mgreen@icloud.com,EMAIL
gboss@verizon.net,EMAIL
barnett@sbcglobal.net,EMAIL
gemmell@outlook.com,EMAIL
hikoza@me.com,EMAIL
kosact@yahoo.ca,EMAIL
rwelty@optonline.net,EMAIL
rfisher@aol.com,EMAIL
hager@yahoo.com,EMAIL
pappp@hotmail.com,EMAIL
cparis@sbcglobal.net,EMAIL
peterhoeg@aol.com,EMAIL
steve@icloud.com,EMAIL
fukuchi@me.com,EMAIL
noneme@yahoo.com,EMAIL
marcs@msn.com,EMAIL
yenya@yahoo.ca,EMAIL
muadip@sbcglobal.net,EMAIL
overbom@optonline.net,EMAIL
okroeger@mac.com,EMAIL
mmccool@optonline.net,EMAIL
dbanarse@icloud.com,EMAIL
bebing@outlook.com,EMAIL
skoch@att.net,EMAIL
leviathan@outlook.com,EMAIL
devphil@sbcglobal.net,EMAIL
eurohack@outlook.com,EMAIL
gospodin@mac.com,EMAIL
mhassel@att.net,EMAIL
kevinm@att.net,EMAIL
onestab@msn.com,EMAIL
maneesh@icloud.com,EMAIL
monopole@mac.com,EMAIL
smeier@att.net,EMAIL
scato@sbcglobal.net,EMAIL
flaviog@icloud.com,EMAIL
cosimo@gmail.com,EMAIL
klaudon@me.com,EMAIL
rcwil@outlook.com,EMAIL
scitext@outlook.com,EMAIL
hikoza@me.com,EMAIL
sethbrown@msn.com,EMAIL
hling@outlook.com,EMAIL
redingtn@outlook.com,EMAIL
trieuvan@gmail.com,EMAIL
ninenine@live.com,EMAIL
mosses@live.com,EMAIL
shaffei@msn.com,EMAIL
ehood@me.com,EMAIL
maratb@att.net,EMAIL
lridener@yahoo.ca,EMAIL
bescoto@live.com,EMAIL
gtaylor@yahoo.ca,EMAIL
uraeus@yahoo.ca,EMAIL
bdthomas@icloud.com,EMAIL
presoff@live.com,EMAIL
fudrucker@att.net,EMAIL
baveja@mac.com,EMAIL
bescoto@yahoo.ca,EMAIL
bflong@live.com,EMAIL
aardo@live.com,EMAIL
gomor@mac.com,EMAIL
lydia@att.net,EMAIL
bancboy@aol.com,EMAIL
scarlet@hotmail.com,EMAIL
frikazoyd@aol.com,EMAIL
report@me.com,EMAIL
scato@att.net,EMAIL
rgarton@sbcglobal.net,EMAIL
chrwin@live.com,EMAIL
themer@sbcglobal.net,EMAIL
niknejad@outlook.com,EMAIL
tbmaddux@yahoo.com,EMAIL
mwandel@msn.com,EMAIL
paina@gmail.com,EMAIL
hager@comcast.net,EMAIL
nasarius@aol.com,EMAIL
alhajj@comcast.net,EMAIL
klaudon@sbcglobal.net,EMAIL
dawnsong@icloud.com,EMAIL
thrymm@me.com,EMAIL
william@gmail.com,EMAIL
afeldspar@mac.com,EMAIL
fwitness@yahoo.com,EMAIL
jeteve@outlook.com,EMAIL
floxy@verizon.net,EMAIL
sherzodr@icloud.com,EMAIL
kingjoshi@outlook.com,EMAIL
vlefevre@outlook.com,EMAIL
afifi@mac.com,EMAIL
bryanw@msn.com,EMAIL
miturria@outlook.com,EMAIL
carmena@mac.com,EMAIL
mallanmba@live.com,EMAIL
hillct@me.com,EMAIL
mahbub@comcast.net,EMAIL
portscan@mac.com,EMAIL
gravyface@sbcglobal.net,EMAIL
grdschl@hotmail.com,EMAIL
bastian@yahoo.com,EMAIL
hahiss@mac.com,EMAIL
amcuri@sbcglobal.net,EMAIL
keutzer@mac.com,EMAIL
yfreund@att.net,EMAIL
kevinm@yahoo.ca,EMAIL
glenz@yahoo.com,EMAIL
rddesign@sbcglobal.net,EMAIL
ianbuck@hotmail.com,EMAIL
bhtower@me.com,EMAIL
tarreau@sbcglobal.net,EMAIL
nacho@optonline.net,EMAIL
cosimo@mac.com,EMAIL
jemarch@optonline.net,EMAIL
esokullu@msn.com,EMAIL
augusto@mac.com,EMAIL
matloff@mac.com,EMAIL
geeber@live.com,EMAIL
mrdvt@outlook.com,EMAIL
padme@icloud.com,EMAIL
jbryan@yahoo.com,EMAIL
unreal@comcast.net,EMAIL
oracle@live.com,EMAIL
mastinfo@yahoo.ca,EMAIL
konst@yahoo.ca,EMAIL
temmink@verizon.net,EMAIL
subir@verizon.net,EMAIL
greear@yahoo.ca,EMAIL
arandal@icloud.com,EMAIL
melnik@sbcglobal.net,EMAIL
drjlaw@att.net,EMAIL
krueger@verizon.net,EMAIL
wilsonpm@optonline.net,EMAIL
dunstan@icloud.com,EMAIL
tamas@optonline.net,EMAIL
ubergeeb@gmail.com,EMAIL
wmszeliga@comcast.net,EMAIL
ralamosm@msn.com,EMAIL
jmgomez@att.net,EMAIL
seurat@att.net,EMAIL
kildjean@msn.com,EMAIL
mbswan@sbcglobal.net,EMAIL
dialworld@sbcglobal.net,EMAIL
johnh@gmail.com,EMAIL
khris@verizon.net,EMAIL
larry@att.net,EMAIL
monopole@verizon.net,EMAIL
fukuchi@optonline.net,EMAIL
madler@mac.com,EMAIL
dowdy@gmail.com,EMAIL
warrior@msn.com,EMAIL
fglock@live.com,EMAIL
chance@optonline.net,EMAIL
birddog@sbcglobal.net,EMAIL
vganesh@gmail.com,EMAIL
bcevc@aol.com,EMAIL
nanop@comcast.net,EMAIL
munjal@sbcglobal.net,EMAIL
kiddailey@aol.com,EMAIL
mhoffman@msn.com,EMAIL
grossman@msn.com,EMAIL
gavinls@att.net,EMAIL
boser@gmail.com,EMAIL
ducasse@att.net,EMAIL
tbmaddux@hotmail.com,EMAIL
nimaclea@yahoo.com,EMAIL
dkasak@outlook.com,EMAIL
sblack@icloud.com,EMAIL
rnelson@sbcglobal.net,EMAIL
drezet@gmail.com,EMAIL
gavollink@yahoo.ca,EMAIL
cameron@hotmail.com,EMAIL
claypool@outlook.com,EMAIL
weidai@mac.com,EMAIL
greear@aol.com,EMAIL
bjornk@verizon.net,EMAIL
fbriere@aol.com,EMAIL
pedwards@msn.com,EMAIL
bmidd@sbcglobal.net,EMAIL
chaikin@live.com,EMAIL
harpes@me.com,EMAIL
glenz@verizon.net,EMAIL
inico@gmail.com,EMAIL
nweaver@msn.com,EMAIL
nasor@me.com,EMAIL
csilvers@msn.com,EMAIL
mglee@yahoo.com,EMAIL
linuxhack@optonline.net,EMAIL
jhardin@sbcglobal.net,EMAIL
fbriere@yahoo.com,EMAIL
eminence@live.com,EMAIL
durist@outlook.com,EMAIL
emmanuel@hotmail.com,EMAIL
dkeeler@mac.com,EMAIL
cgreuter@yahoo.com,EMAIL
mlewan@comcast.net,EMAIL
crowl@icloud.com,EMAIL
nwiger@hotmail.com,EMAIL
stecoop@gmail.com,EMAIL
russotto@icloud.com,EMAIL
godeke@yahoo.ca,EMAIL
mrdvt@outlook.com,EMAIL
aaribaud@aol.com,EMAIL
animats@msn.com,EMAIL
flavell@verizon.net,EMAIL
jsnover@gmail.com,EMAIL
reziac@comcast.net,EMAIL
drewf@verizon.net,EMAIL
adhere@msn.com,EMAIL
unreal@optonline.net,EMAIL
niknejad@icloud.com,EMAIL
hedwig@mac.com,EMAIL
mhassel@hotmail.com,EMAIL
errxn@yahoo.ca,EMAIL
kalpol@me.com,EMAIL
odlyzko@icloud.com,EMAIL
bartlett@icloud.com,EMAIL
noodles@aol.com,EMAIL
staikos@sbcglobal.net,EMAIL
bester@me.com,EMAIL
smcnabb@live.com,EMAIL
jgoerzen@gmail.com,EMAIL
fatelk@msn.com,EMAIL
rasca@outlook.com,EMAIL
osrin@me.com,EMAIL
samavati@live.com,EMAIL
smeier@yahoo.ca,EMAIL
choset@optonline.net,EMAIL
tokuhirom@verizon.net,EMAIL
epeeist@yahoo.ca,EMAIL
klaudon@verizon.net,EMAIL
eabrown@outlook.com,EMAIL
fluffy@sbcglobal.net,EMAIL
manuals@me.com,EMAIL
payned@att.net,EMAIL
wetter@icloud.com,EMAIL
moinefou@outlook.com,EMAIL
fglock@icloud.com,EMAIL
crowemojo@live.com,EMAIL
eurohack@live.com,EMAIL
evilopie@aol.com,EMAIL
grolschie@verizon.net,EMAIL
oneiros@msn.com,EMAIL
smpeters@outlook.com,EMAIL
raides@msn.com,EMAIL
juerd@yahoo.ca,EMAIL
moxfulder@aol.com,EMAIL
sabren@mac.com,EMAIL
thassine@att.net,EMAIL
wonderkid@sbcglobal.net,EMAIL
augusto@comcast.net,EMAIL
afeldspar@verizon.net,EMAIL
johnbob@live.com,EMAIL
carmena@mac.com,EMAIL
mhoffman@verizon.net,EMAIL
calin@outlook.com,EMAIL
dmath@icloud.com,EMAIL
avalon@live.com,EMAIL
ebassi@att.net,EMAIL
jugalator@mac.com,EMAIL
afifi@comcast.net,EMAIL
gumpish@comcast.net,EMAIL
psichel@optonline.net,EMAIL
citadel@att.net,EMAIL
dowdy@gmail.com,EMAIL
jamuir@msn.com,EMAIL
vmalik@verizon.net,EMAIL
srour@aol.com,EMAIL
schwaang@comcast.net,EMAIL
druschel@yahoo.ca,EMAIL
hedwig@yahoo.ca,EMAIL
bogjobber@sbcglobal.net,EMAIL
paulv@me.com,EMAIL
jeteve@verizon.net,EMAIL
tamas@att.net,EMAIL
telbij@hotmail.com,EMAIL
nasor@me.com,EMAIL
dougj@aol.com,EMAIL
nwiger@live.com,EMAIL
gospodin@icloud.com,EMAIL
njpayne@gmail.com,EMAIL
andrei@comcast.net,EMAIL
glenz@aol.com,EMAIL
lishoy@sbcglobal.net,EMAIL
burns@optonline.net,EMAIL
fallorn@icloud.com,EMAIL
lbecchi@aol.com,EMAIL
wilsonpm@mac.com,EMAIL
henkp@msn.com,EMAIL
bartlett@aol.com,EMAIL
nelson@me.com,EMAIL
bester@hotmail.com,EMAIL
hstiles@mac.com,EMAIL
catalog@gmail.com,EMAIL
jeteve@hotmail.com,EMAIL
rmcfarla@yahoo.com,EMAIL
treeves@yahoo.ca,EMAIL
demmel@icloud.com,EMAIL
paulv@yahoo.com,EMAIL
okroeger@gmail.com,EMAIL
sopwith@yahoo.com,EMAIL
benanov@outlook.com,EMAIL
kingma@comcast.net,EMAIL
odlyzko@optonline.net,EMAIL
denton@comcast.net,EMAIL
parksh@verizon.net,EMAIL
oneiros@outlook.com,EMAIL
fraser@aol.com,EMAIL
morain@att.net,EMAIL
hampton@yahoo.com,EMAIL
ajlitt@mac.com,EMAIL
rafasgj@verizon.net,EMAIL
wainwrig@yahoo.com,EMAIL
vmalik@mac.com,EMAIL
tarreau@icloud.com,EMAIL
rgarton@optonline.net,EMAIL
daveewart@hotmail.com,EMAIL
stevelim@mac.com,EMAIL
henkp@mac.com,EMAIL
bigmauler@optonline.net,EMAIL
eidac@yahoo.ca,EMAIL
greear@outlook.com,EMAIL
biglou@outlook.com,EMAIL
duncand@mac.com,EMAIL
trieuvan@hotmail.com,EMAIL
boser@me.com,EMAIL
dmath@yahoo.com,EMAIL
grady@outlook.com,EMAIL
paina@aol.com,EMAIL
jramio@optonline.net,EMAIL
world@sbcglobal.net,EMAIL
gator@msn.com,EMAIL
camenisch@gmail.com,EMAIL
rddesign@verizon.net,EMAIL
violinhi@comcast.net,EMAIL
cisugrad@att.net,EMAIL
balchen@icloud.com,EMAIL
jesse@mac.com,EMAIL
pkilab@icloud.com,EMAIL
cantu@yahoo.com,EMAIL
dsowsy@me.com,EMAIL
cfhsoft@yahoo.com,EMAIL
ribet@yahoo.ca,EMAIL
rgarcia@att.net,EMAIL
mobileip@outlook.com,EMAIL
camenisch@yahoo.ca,EMAIL
jhardin@icloud.com,EMAIL
erynf@yahoo.ca,EMAIL
caronni@outlook.com,EMAIL
crimsane@icloud.com,EMAIL
slanglois@yahoo.ca,EMAIL
brbarret@live.com,EMAIL
wonderkid@comcast.net,EMAIL
ewaters@comcast.net,EMAIL
whimsy@mac.com,EMAIL
isorashi@verizon.net,EMAIL
frode@sbcglobal.net,EMAIL
mirod@me.com,EMAIL
schwaang@comcast.net,EMAIL
wikinerd@comcast.net,EMAIL
stakasa@att.net,EMAIL
godeke@optonline.net,EMAIL
uraeus@icloud.com,EMAIL
jramio@icloud.com,EMAIL
geekoid@me.com,EMAIL
solomon@live.com,EMAIL
bancboy@gmail.com,EMAIL
openldap@verizon.net,EMAIL
josephw@live.com,EMAIL
munson@icloud.com,EMAIL
dgatwood@aol.com,EMAIL
alias@outlook.com,EMAIL
squirrel@icloud.com,EMAIL
mbswan@sbcglobal.net,EMAIL
smpeters@live.com,EMAIL
purvis@sbcglobal.net,EMAIL
wikinerd@hotmail.com,EMAIL
mpiotr@live.com,EMAIL
mhouston@live.com,EMAIL
staffelb@aol.com,EMAIL
carroll@gmail.com,EMAIL
jbuchana@icloud.com,EMAIL
szymansk@msn.com,EMAIL
weidai@aol.com,EMAIL
bsikdar@msn.com,EMAIL
dinther@mac.com,EMAIL
phish@optonline.net,EMAIL
fglock@mac.com,EMAIL
duncand@aol.com,EMAIL
lbecchi@verizon.net,EMAIL
ryanshaw@optonline.net,EMAIL
multiplx@gmail.com,EMAIL
avalon@gmail.com,EMAIL
lamky@icloud.com,EMAIL
jyoliver@optonline.net,EMAIL
marioph@yahoo.ca,EMAIL
skythe@icloud.com,EMAIL
cparis@hotmail.com,EMAIL
barnett@mac.com,EMAIL
fukuchi@mac.com,EMAIL
rcwil@att.net,EMAIL
presoff@aol.com,EMAIL
rsmartin@sbcglobal.net,EMAIL
eurohack@hotmail.com,EMAIL
jshirley@icloud.com,EMAIL
parrt@hotmail.com,EMAIL
barjam@hotmail.com,EMAIL
juliano@live.com,EMAIL
isorashi@live.com,EMAIL
dmiller@aol.com,EMAIL
bartak@yahoo.ca,EMAIL
makarow@gmail.com,EMAIL
rhavyn@optonline.net,EMAIL
kourai@icloud.com,EMAIL
jguyer@me.com,EMAIL
cparis@comcast.net,EMAIL
bader@me.com,EMAIL
laird@gmail.com,EMAIL
jbryan@comcast.net,EMAIL
brainless@optonline.net,EMAIL
skajan@optonline.net,EMAIL
jadavis@live.com,EMAIL
nighthawk@hotmail.com,EMAIL
yfreund@aol.com,EMAIL
fluffy@icloud.com,EMAIL
linuxhack@mac.com,EMAIL
treit@gmail.com,EMAIL
teverett@hotmail.com,EMAIL
isaacson@att.net,EMAIL
schumer@icloud.com,EMAIL
mddallara@msn.com,EMAIL
chronos@att.net,EMAIL
catalog@yahoo.com,EMAIL
hampton@yahoo.com,EMAIL
fmerges@sbcglobal.net,EMAIL
doche@icloud.com,EMAIL
mcmillan@outlook.com,EMAIL
noneme@me.com,EMAIL
amichalo@aol.com,EMAIL
jeteve@icloud.com,EMAIL
elflord@mac.com,EMAIL
madler@gmail.com,EMAIL
privcan@hotmail.com,EMAIL
miami@comcast.net,EMAIL
timlinux@yahoo.ca,EMAIL
alhajj@verizon.net,EMAIL
kiddailey@gmail.com,EMAIL
oracle@icloud.com,EMAIL
petersen@gmail.com,EMAIL
sassen@att.net,EMAIL
xtang@mac.com,EMAIL
vlefevre@yahoo.ca,EMAIL
carreras@msn.com,EMAIL
mrobshaw@me.com,EMAIL
choset@sbcglobal.net,EMAIL
cvrcek@sbcglobal.net,EMAIL
eidac@icloud.com,EMAIL
dhrakar@me.com,EMAIL
tamas@sbcglobal.net,EMAIL
danneng@hotmail.com,EMAIL
preneel@aol.com,EMAIL
flaviog@yahoo.com,EMAIL
crusader@yahoo.ca,EMAIL
jimmichie@sbcglobal.net,EMAIL
mchugh@optonline.net,EMAIL
sonnen@msn.com,EMAIL
sburke@outlook.com,EMAIL
csilvers@aol.com,EMAIL
jlbaumga@me.com,EMAIL
maneesh@mac.com,EMAIL
hachi@outlook.com,EMAIL
lbaxter@msn.com,EMAIL
ccohen@me.com,EMAIL
stern@mac.com,EMAIL
pkilab@comcast.net,EMAIL
yenya@icloud.com,EMAIL
scarlet@att.net,EMAIL
parasite@hotmail.com,EMAIL
jnolan@yahoo.com,EMAIL
helger@yahoo.ca,EMAIL
bolow@yahoo.com,EMAIL
attwood@att.net,EMAIL
brainless@yahoo.ca,EMAIL
xnormal@aol.com,EMAIL
grinder@att.net,EMAIL
hikoza@sbcglobal.net,EMAIL
british@yahoo.com,EMAIL
kourai@live.com,EMAIL
drewf@gmail.com,EMAIL
dogdude@hotmail.com,EMAIL
marioph@sbcglobal.net,EMAIL
drjlaw@yahoo.ca,EMAIL
kingma@hotmail.com,EMAIL
smcnabb@me.com,EMAIL
ranasta@sbcglobal.net,EMAIL
sfoskett@yahoo.com,EMAIL
boftx@sbcglobal.net,EMAIL
pgottsch@sbcglobal.net,EMAIL
mugwump@comcast.net,EMAIL
tmccarth@msn.com,EMAIL
delpino@comcast.net,EMAIL
kspiteri@outlook.com,EMAIL
uncled@verizon.net,EMAIL
granboul@sbcglobal.net,EMAIL
ganter@msn.com,EMAIL
staffelb@me.com,EMAIL
starstuff@icloud.com,EMAIL
preneel@icloud.com,EMAIL